peptide,mass,area
WR,361.19826623237105,53925590.0
WD,320.124099009071,129392782.0
WN,319.14008304097104,114441748.0
WRWR,703.378690934171,11071150.0
WRWD,662.304523710871,34985248.0
WRWN,661.320507742771,23717144.0
WDWR,662.304523710871,35056772.0
WDWD,621.2303564875709,3171422.0
WDWN,620.246340519471,5595500.0
WNWR,661.320507742771,23717144.0
WNWD,620.246340519471,5595500.0
WNWN,619.262324551371,65390.0
